speaker,voice,wer,cer,dnsmos_ovrl,dnsmos_sig,dnsmos_bak,dnsmos_p808,utmosv2,f0_hz,chars_per_s
0,,0.0216,0.0046,3.0757,3.4855,3.8349,3.6498,2.7357,218.3004,14.3836
1,,0.0194,0.0037,3.2455,3.5445,4.0130,3.8378,2.8922,134.1894,14.6870
2,,0.0345,0.0092,3.0284,3.4423,3.8382,3.6407,2.6830,244.4001,15.2670
3,,0.0172,0.0028,3.0107,3.4502,3.7684,3.7430,2.7074,217.8245,14.8585
4,,0.0108,0.0022,3.2854,3.5292,4.0980,3.8857,2.7422,128.6247,14.6458
5,,0.0216,0.0034,3.2501,3.5367,4.0423,3.9984,3.0469,150.2451,13.9637
6,,0.0366,0.0108,2.8650,3.3620,3.6765,3.4985,2.5986,236.1664,15.0698
7,,0.0366,0.0074,3.0551,3.4390,3.8590,3.8337,2.5301,117.3120,16.1869
8,,0.0302,0.0065,3.0547,3.4722,3.8062,3.6186,2.7611,193.0818,15.7452
9,,0.0345,0.0086,2.8447,3.4134,3.5427,3.5532,2.6160,233.3084,14.1374
10,,0.0000,0.0000,3.2481,3.5393,4.0262,3.9588,2.7578,120.7118,13.1922
11,,0.0108,0.0012,3.1838,3.4718,4.0167,3.9659,2.8621,132.7909,14.2732
12,,0.0345,0.0068,3.1477,3.4880,3.9376,3.6848,2.8074,145.6944,15.5264
13,,0.0194,0.0037,2.9965,3.4504,3.7322,3.7292,2.7859,171.3646,14.2062
14,,0.0366,0.0071,3.0334,3.4441,3.8054,3.6704,2.7725,166.8355,15.1229
15,,0.0560,0.0154,3.1711,3.5224,3.9443,3.7683,2.8340,145.3060,15.1376
16,,0.0022,0.0006,3.3232,3.5707,4.0872,4.0829,3.0836,100.9558,12.5026
17,,0.0172,0.0080,2.8115,3.5000,3.3231,4.0979,2.5166,119.3235,14.5393
18,,0.0237,0.0065,3.2738,3.5816,4.0084,3.9160,3.0662,168.4073,13.2831
19,,0.0474,0.0111,3.2295,3.5054,4.0646,3.8732,2.5350,176.9251,16.1192
20,,0.0323,0.0077,3.1862,3.4844,4.0202,3.8650,2.3662,174.6975,16.0424
21,,0.0409,0.0105,3.2088,3.5287,3.9914,3.8162,2.4148,181.9815,15.8276
22,,0.0431,0.0117,3.2049,3.5133,4.0080,3.8155,2.2893,184.4858,15.5600
23,,0.0323,0.0077,3.1262,3.4743,3.9283,3.8886,2.5135,164.6760,15.5582
24,,0.0366,0.0068,3.0672,3.4505,3.8622,3.8833,2.5982,165.6252,15.1273
25,,0.0065,0.0012,3.2579,3.5119,4.0902,3.9555,2.6996,138.9407,14.4981
26,,0.0841,0.0231,3.0766,3.3583,4.0279,3.4901,2.5266,230.2816,14.7990
27,,0.0366,0.0074,3.2099,3.5142,4.0077,4.0090,2.8918,170.8408,12.2290
28,,0.0259,0.0071,3.1116,3.4680,3.9134,3.8155,2.2394,107.5958,14.6128
29,,0.0194,0.0046,3.1471,3.4132,4.0459,3.8550,2.4359,112.4211,14.8527
30,,0.0065,0.0009,3.1485,3.5107,3.9140,3.9141,2.8508,130.6632,13.9777
31,,0.0323,0.0077,3.2076,3.4669,4.0595,3.8423,2.8346,99.6821,14.7261
32,,0.0345,0.0086,2.9175,3.3239,3.7796,3.5704,2.3960,219.8491,14.5624
33,,0.0884,0.0240,3.0246,3.3949,3.8692,3.6837,2.2581,206.8936,14.5959
34,,0.0323,0.0083,3.2312,3.4886,4.0839,3.9501,2.4684,122.9025,15.3075
35,,0.0862,0.0240,2.8449,3.1819,3.8512,3.6018,2.5650,236.4556,15.1032
36,,0.0625,0.0181,2.9687,3.3693,3.7840,3.7105,2.5459,208.9639,15.2487
37,,0.0151,0.0028,3.2943,3.5603,4.0746,3.9615,2.8320,121.0678,13.7273
38,,0.0776,0.0215,2.9279,3.2634,3.8914,3.4300,2.6074,253.0618,13.6345
39,,0.0129,0.0018,2.9687,3.4080,3.7385,4.0039,2.6520,118.9214,14.1352
40,,0.0517,0.0154,3.0111,3.2538,4.0659,3.6151,2.1621,134.8619,15.0298
41,,0.0690,0.0175,2.9159,3.2730,3.8432,3.5901,2.6076,178.0186,14.6056
42,,0.0065,0.0018,3.1993,3.4999,4.0024,3.6679,3.1000,169.6329,14.8935
43,,0.0280,0.0046,3.1289,3.4752,3.9172,3.9130,2.7334,141.5718,14.9395
44,,0.0280,0.0062,2.8017,3.2557,3.6531,3.6175,2.6465,127.6994,16.0764
45,,0.0280,0.0052,3.1016,3.3928,4.0054,3.6938,2.6572,128.2127,15.6534
46,,0.0668,0.0178,3.0082,3.3574,3.9041,3.6214,2.4410,137.5455,16.5115
47,,0.0108,0.0018,3.2497,3.4969,4.0946,4.0849,2.7795,114.9882,12.6099
48,,0.0043,0.0006,3.2569,3.5481,4.0023,4.0704,2.7732,108.2690,12.0451
49,,0.0194,0.0052,3.1047,3.4498,3.9199,3.9254,2.6226,135.8606,15.5573
50,,0.1034,0.0271,3.0997,3.4587,3.9030,3.5957,2.7412,176.7407,17.4794
51,,0.0388,0.0086,3.1076,3.4675,3.9053,3.9555,2.6916,133.4655,15.6194
52,,0.0582,0.0145,3.1695,3.5205,3.9577,3.8400,2.6063,146.7244,15.2820
53,,0.0108,0.0025,3.2780,3.5384,4.0730,3.9794,2.9559,133.0058,13.9740
54,,0.0216,0.0049,3.1632,3.4800,3.9813,3.7544,2.8156,195.6004,14.6048
55,,0.0043,0.0009,3.1703,3.5158,3.9366,4.0129,2.8066,135.1792,14.3898
56,,0.0280,0.0071,3.2054,3.5415,3.9644,3.8808,3.0570,157.1989,14.4697
57,,0.0668,0.0172,3.0464,3.4857,3.7815,3.8459,3.3273,162.5150,16.1800
58,,0.0345,0.0071,3.0160,3.4484,3.7819,3.8177,3.2918,149.7886,16.5423
59,,0.0453,0.0092,2.8807,3.4296,3.5702,3.7735,2.7256,128.1014,15.6589
60,,0.0366,0.0086,3.2627,3.5548,4.0298,3.8273,2.8490,161.7597,13.9061
61,,0.0474,0.0120,2.8965,3.3972,3.6295,3.8325,2.4818,202.7920,15.4157
62,,0.0539,0.0114,3.0207,3.4799,3.7330,3.7867,2.5283,190.2535,15.3765
63,,0.0366,0.0083,2.9486,3.4030,3.7335,3.7826,2.6449,150.6705,16.6074
64,,0.0172,0.0043,3.1869,3.5271,3.9471,3.7794,2.9062,184.7154,13.7615
65,,0.0259,0.0077,3.0115,3.4130,3.8241,3.7828,2.4414,117.7235,16.3060
66,,0.0194,0.0046,3.1930,3.5034,3.9862,3.8114,2.7625,154.3513,14.7669
67,,0.0453,0.0129,3.0077,3.4706,3.7219,3.6489,2.6842,184.2467,16.5341
68,,0.0603,0.0166,3.1608,3.4160,4.0768,3.7410,2.6859,149.2116,15.2978
69,,0.0948,0.0397,2.8651,3.4282,3.4766,3.5297,2.8207,228.0705,14.6870
70,,0.0280,0.0046,3.2256,3.5184,4.0152,4.0756,3.1010,125.2605,15.8455
71,,0.0625,0.0188,3.0453,3.4119,3.8473,3.8376,2.8113,132.7756,17.3404
72,,0.1336,0.0391,3.0615,3.4231,3.8930,3.6373,2.7646,209.0403,16.9947
73,,0.0409,0.0105,3.0399,3.4473,3.8169,3.7731,2.8598,236.5082,16.0279
74,,0.0905,0.0268,2.8915,3.2912,3.8099,3.9678,2.6018,137.9389,15.2706
75,,0.0496,0.0126,3.0759,3.4149,3.9376,4.0225,2.5834,148.0088,13.9506
76,,0.1034,0.0274,2.8681,3.3138,3.7328,3.7199,2.2101,224.5417,14.9630
77,,0.0000,0.0000,3.3146,3.5968,4.0392,4.0891,2.9133,96.8557,11.4537
78,,0.0022,0.0003,3.3273,3.5968,4.0587,4.0660,3.1707,91.6004,12.5273
79,,0.0065,0.0015,3.3315,3.5908,4.0769,4.1301,3.0088,93.8871,11.9660
80,,0.0129,0.0055,3.3139,3.5840,4.0567,4.0645,2.9045,95.8537,11.6123
81,,0.0194,0.0034,3.0326,3.3669,3.9044,3.9870,2.7318,129.9264,11.7773
82,,0.0108,0.0018,3.1238,3.4080,4.0206,4.0093,2.6334,127.1188,12.0070
83,,0.0194,0.0058,3.3619,3.5910,4.1201,4.0415,2.9771,89.8698,11.8900
84,,0.0129,0.0049,3.3364,3.6142,4.0522,4.0716,2.9244,89.1608,11.4473
85,,0.0022,0.0006,3.0952,3.3926,3.9877,4.0040,2.6051,127.4360,11.9735
86,,0.0086,0.0022,3.2440,3.5511,3.9978,3.9680,3.0100,148.7356,13.8287
87,,0.0043,0.0006,3.2150,3.5544,3.9334,4.0237,2.7123,106.2293,12.4116
88,,0.0043,0.0006,3.2774,3.5746,4.0059,4.0118,2.8070,98.7714,11.2095
89,,0.0129,0.0022,3.3179,3.5815,4.0656,4.0412,2.9828,98.7018,12.2031
90,,0.0194,0.0058,3.3303,3.6067,4.0558,4.0618,2.9686,89.8599,11.3676
91,,0.0194,0.0062,3.3029,3.5998,4.0237,4.0296,2.9303,86.0351,11.5437
92,,0.0129,0.0031,3.3197,3.6020,4.0442,4.1068,2.9650,94.9064,11.2837
93,,0.0043,0.0028,3.3130,3.5692,4.0750,4.0677,2.9521,95.6080,12.6477
94,,0.0043,0.0006,3.2743,3.5700,4.0086,4.0901,2.9346,96.3298,11.9859
95,,0.0043,0.0031,3.3164,3.6050,4.0352,4.0634,2.6947,100.8818,11.2736
96,,0.0086,0.0058,3.3019,3.5895,4.0297,4.0637,3.0598,89.0026,11.1228
97,,0.0151,0.0025,3.2558,3.5409,4.0133,4.0656,2.6986,103.0096,11.6976
98,,0.0194,0.0058,3.3868,3.6125,4.1314,4.0708,2.9502,90.5479,11.8287
99,,0.0086,0.0040,3.3725,3.6125,4.1108,4.1464,2.9355,91.4667,11.4869
100,,0.0086,0.0018,3.2641,3.5535,4.0295,4.0535,3.0068,112.9701,12.3591
101,,0.0151,0.0022,3.2766,3.5555,4.0414,4.0766,2.9541,114.7222,12.4920
102,,0.0000,0.0000,3.3124,3.5909,4.0455,4.0802,2.9086,99.5259,11.4547
103,,0.0129,0.0025,3.3577,3.5826,4.1269,4.0817,3.1674,86.9280,12.9067
104,,0.0216,0.0074,3.3361,3.5719,4.1059,4.1192,3.1086,90.7551,12.4121
105,,0.0086,0.0015,3.0800,3.3911,3.9549,3.9711,2.6508,124.5246,12.1435
106,,0.0000,0.0000,3.2354,3.5449,3.9809,4.0895,2.7672,109.3326,11.5407
107,,0.0086,0.0012,3.2840,3.5754,4.0182,4.0918,2.9631,104.4904,12.3207
108,,0.0086,0.0015,3.2402,3.5120,4.0442,4.0546,2.8438,118.4795,11.9574
109,,0.0216,0.0037,3.3389,3.5951,4.0797,4.0933,2.9705,94.3914,11.6199
110,,0.0172,0.0037,3.0565,3.3836,3.9350,3.9344,2.7840,131.1695,13.0600
111,,0.0043,0.0006,3.0077,3.3353,3.9076,3.9954,2.6623,126.1713,12.2447
112,,0.0108,0.0018,3.3391,3.5913,4.0874,4.0463,3.1029,95.1348,11.7596
113,,0.0065,0.0012,3.3574,3.6008,4.1013,4.0533,2.9805,94.1559,11.9359
114,,0.0065,0.0009,3.2816,3.5449,4.0491,4.0892,2.8383,115.8640,12.6489
115,,0.0216,0.0046,3.2128,3.5591,3.9602,3.6551,2.6580,201.4450,15.0690
116,,0.0000,0.0000,3.2143,3.5226,3.9919,4.0188,2.7982,122.5625,13.9601
117,,0.0043,0.0006,3.2739,3.5730,4.0050,4.0251,2.9129,93.4670,11.8292
118,,0.0086,0.0012,3.3110,3.6141,4.0195,4.0186,2.7734,92.3347,11.1489
119,,0.0086,0.0015,3.2907,3.5688,4.0425,4.0727,2.9967,98.0616,12.0757
120,,0.0108,0.0018,3.2936,3.5739,4.0363,4.1064,3.1104,92.9132,11.5167
121,,0.0086,0.0068,3.3064,3.5855,4.0439,4.1090,2.7713,103.4045,11.1344
122,,0.0151,0.0077,3.3343,3.5907,4.0793,4.1495,3.0846,94.2616,11.2842
123,,0.0302,0.0086,3.3425,3.5863,4.0988,4.1578,2.9779,96.3011,12.1892
124,,0.0108,0.0022,3.2983,3.5777,4.0352,4.0316,2.8137,99.0911,12.2301
125,,0.0043,0.0006,3.2694,3.5632,4.0106,4.0601,2.8348,107.7655,11.6092
126,,0.0172,0.0040,2.9991,3.3265,3.9091,4.0387,2.6801,128.6011,11.7596
127,,0.0129,0.0034,3.3545,3.6292,4.0615,4.0772,2.9799,95.8670,11.3763
128,,0.0129,0.0025,3.2899,3.5755,4.0273,4.0967,2.7682,99.7591,11.7482
129,,0.0129,0.0022,3.2803,3.5796,4.0072,4.0744,2.8703,98.5038,11.8852
130,,0.0129,0.0058,3.2661,3.5538,4.0386,3.8491,3.0318,158.1851,14.3371
131,,0.0065,0.0015,3.2582,3.5378,4.0397,4.0699,2.9781,116.3955,12.6206
132,,0.0086,0.0025,3.0167,3.3221,3.9518,3.9213,2.4943,127.0711,11.7914
133,,0.0129,0.0068,3.2906,3.5858,4.0219,4.0632,2.6072,104.2709,11.3173
134,,0.0022,0.0003,3.3170,3.5803,4.0732,4.0302,3.2605,84.8555,12.3919
135,,0.0086,0.0012,3.3115,3.5779,4.0699,4.0919,3.1580,85.4876,11.8382
136,,0.0216,0.0080,3.3262,3.5913,4.0644,4.0865,2.9113,96.1271,11.6693
137,,0.0194,0.0040,3.3428,3.6011,4.0800,4.1119,3.0025,95.0888,11.6418
138,,0.0194,0.0068,3.3667,3.6072,4.1035,4.0892,3.0047,91.8565,11.6698
139,,0.0022,0.0003,3.2644,3.5732,3.9894,4.1124,2.7668,106.9967,11.4805
140,,0.0108,0.0040,3.3333,3.5912,4.0774,4.0084,3.1354,89.2771,12.5321
141,,0.0194,0.0055,3.3609,3.6036,4.1028,4.0478,2.9287,92.4494,11.7166
142,,0.0172,0.0028,3.2289,3.5087,4.0313,4.0012,2.9822,117.1580,12.4774
143,,0.0151,0.0052,3.3668,3.5973,4.1262,4.1490,3.1123,91.2245,11.9108
144,,0.0108,0.0018,3.3420,3.6033,4.0793,4.0625,3.0652,91.1073,11.6229
145,,0.0065,0.0015,3.0731,3.3750,3.9729,4.0112,2.6330,127.8436,11.9445
146,,0.0043,0.0009,3.1286,3.4155,4.0188,4.0321,2.6119,124.9060,11.2851
147,,0.0151,0.0025,3.2967,3.5730,4.0404,4.0223,2.6842,94.9430,11.9145
148,,0.0043,0.0006,3.2954,3.6076,3.9910,4.0497,2.7982,95.2283,11.5648
149,,0.0108,0.0018,3.2960,3.5887,4.0179,4.1203,2.8850,101.4092,11.3681
150,,0.0194,0.0062,3.3516,3.6026,4.0899,4.0778,2.9340,92.4885,11.8709
151,,0.0151,0.0043,3.2509,3.5441,4.0082,4.0878,2.7607,108.7466,11.8355
152,,0.0043,0.0006,3.3169,3.5785,4.0690,4.0372,2.9889,100.1743,12.0856
153,,0.0194,0.0058,3.3251,3.5838,4.0762,4.0153,2.9008,101.4297,11.9735
154,,0.0302,0.0102,3.2891,3.5458,4.0953,3.8852,2.7518,152.3743,14.0783
155,,0.0259,0.0043,3.0520,3.3640,3.9305,3.6439,2.5275,126.3946,14.6200
156,,0.0819,0.0218,3.0681,3.3739,3.9772,3.8216,2.6543,131.0785,16.2990
157,,0.0431,0.0120,3.2792,3.5302,4.0877,3.8582,2.6863,90.5166,14.4981
158,,0.0345,0.0089,3.1130,3.4578,3.9053,3.7072,2.6268,169.7209,15.8711
159,,0.0474,0.0092,3.1255,3.4844,3.9010,3.9021,3.0848,143.4175,16.2096
160,,0.0000,0.0000,3.2701,3.5315,4.0692,3.9375,2.9609,115.3290,14.4847
161,,0.0496,0.0105,3.0722,3.4688,3.8690,3.9600,2.8318,141.3471,16.2661
162,,0.0647,0.0172,2.9333,3.3007,3.8386,3.7806,2.6698,156.4293,15.1488
163,,0.0086,0.0025,3.1149,3.4822,3.8888,3.6659,2.8213,168.8392,14.3032
164,,0.0453,0.0120,3.1864,3.4778,4.0294,3.7985,2.8490,156.2187,14.8718
165,,0.0129,0.0040,3.2172,3.4741,4.0720,3.9113,2.4982,121.4902,14.4492
166,,0.0086,0.0012,3.1713,3.4952,3.9653,3.8453,3.0449,193.5369,13.2553
167,,0.0237,0.0058,3.2004,3.5058,4.0004,3.8259,2.9227,188.8709,13.9447
168,,0.0302,0.0105,3.2727,3.5144,4.0994,3.8910,2.6908,130.9374,14.3294
169,,0.0431,0.0092,2.9440,3.4703,3.6021,3.6737,2.6172,167.2915,14.1427
170,,0.0216,0.0055,3.0130,3.4405,3.7720,3.7694,2.8297,119.8510,15.8333
171,,0.0237,0.0068,3.0707,3.4578,3.8513,3.7974,2.7207,121.6907,15.2855
172,,0.0647,0.0175,3.0933,3.3972,3.9663,3.8389,2.5744,110.3997,15.3437
173,,0.0560,0.0126,3.0189,3.3782,3.8754,3.7891,2.6824,139.8377,15.2749
174,,0.0431,0.0089,3.0051,3.3920,3.8270,3.8655,2.7705,140.5569,14.7596
175,,0.0259,0.0068,2.8448,3.3799,3.5544,3.6699,2.8689,145.1315,15.5482
176,,0.0409,0.0105,3.0104,3.4165,3.7870,3.6666,2.4865,163.0149,15.6130
177,,0.0496,0.0102,2.9604,3.4300,3.6753,3.6147,2.5958,171.1123,15.5092
178,,0.0474,0.0092,3.0976,3.3454,4.0682,3.9076,2.5830,118.5447,14.5274
179,,0.0194,0.0043,3.0095,3.4422,3.7936,3.8741,2.7760,150.2739,15.6433
180,,0.0216,0.0040,2.9608,3.4261,3.7080,3.8318,2.6785,127.6925,16.4046
181,,0.0216,0.0034,3.2687,3.5361,4.0557,4.0522,2.9514,112.8833,14.8163
182,,0.0172,0.0040,3.0455,3.3806,3.9128,3.8904,2.7342,117.8159,15.8484
183,,0.0323,0.0058,3.0876,3.4363,3.9157,3.8692,2.8404,160.1319,15.1851
184,,0.0259,0.0077,3.0353,3.3374,3.9710,3.8458,2.7578,149.9456,15.6857
185,,0.0668,0.0157,2.9726,3.2566,3.9943,3.5912,2.5232,135.9073,15.4050
186,,0.0453,0.0148,2.9693,3.4765,3.6489,3.7533,2.9643,151.9890,16.4492
187,,0.0474,0.0145,2.8209,3.4395,3.4317,3.8084,2.9064,156.4491,16.6198
188,,0.0129,0.0018,3.2398,3.5060,4.0760,3.9404,2.6016,128.1125,14.6579
189,,0.0172,0.0034,3.2136,3.4738,4.0676,3.9197,2.7158,110.3623,15.7061
190,,0.0237,0.0068,3.1827,3.4414,4.0512,3.9622,2.8488,111.8479,15.5418
191,,0.0388,0.0129,3.0273,3.3166,3.9855,3.4770,2.0831,201.9030,14.6008
192,,0.0345,0.0071,3.1119,3.4583,3.9075,3.8414,2.9910,183.1016,13.5815
193,,0.0453,0.0120,3.0492,3.4637,3.8084,3.7945,2.8686,146.4167,16.9460
194,,0.0172,0.0046,3.3014,3.5468,4.1020,3.8910,2.8354,136.1709,14.9336
195,,0.0453,0.0114,2.9270,3.4561,3.6843,3.8771,2.5354,126.4941,14.5895
196,,0.0259,0.0058,2.8812,3.3282,3.7589,3.9104,2.5766,121.1021,14.4453
197,,0.0280,0.0074,2.9695,3.4290,3.7783,3.9166,2.6437,127.9189,14.0716
198,,0.0108,0.0022,3.3203,3.5605,4.1098,3.9493,2.6742,113.7079,13.7012
199,,0.0366,0.0074,3.0040,3.4389,3.8187,3.8540,2.6797,122.6518,14.8345
200,,0.0345,0.0080,3.0868,3.4957,3.8421,3.8739,2.5875,113.8388,14.6757
201,,0.0388,0.0095,3.1117,3.4329,3.9949,3.9428,2.6037,118.4747,14.1600
202,,0.0000,0.0000,3.2850,3.5750,4.0349,3.9157,2.9057,157.0341,12.7900
203,,0.0647,0.0151,3.1939,3.5248,3.9613,3.5133,2.4166,189.7654,16.2502
204,,0.0237,0.0046,3.2457,3.5551,4.0241,3.6008,2.4387,218.2251,13.5684
205,,0.0280,0.0071,3.2891,3.5783,4.0643,3.6902,2.3246,203.8573,13.5318
206,,0.0366,0.0129,3.1321,3.4876,3.9400,3.5347,2.2338,203.0499,14.4445
207,,0.0409,0.0098,3.1250,3.4780,3.9420,3.4656,2.4068,222.6388,14.7228
208,,0.0237,0.0074,3.1722,3.5052,3.9664,3.5051,2.1938,216.8301,13.8309
209,,0.0323,0.0095,3.1950,3.4905,4.0277,3.5284,2.2899,209.2010,13.7429
210,,0.0323,0.0080,3.1966,3.5192,3.9877,3.6128,2.4104,203.1932,14.7555
211,,0.0302,0.0065,3.2062,3.4955,4.0454,3.5701,2.2295,212.3614,14.0308
212,,0.0237,0.0055,3.1378,3.4723,3.9650,3.5167,2.2155,200.2979,14.6072
213,,0.0151,0.0028,3.1741,3.5274,3.9432,3.6111,2.3619,213.6953,13.8417
214,,0.0388,0.0120,3.2773,3.5399,4.1027,3.5654,2.1944,213.2526,14.3070
215,,0.0280,0.0092,3.1633,3.4922,3.9843,3.5676,2.2318,211.9002,14.8353
216,,0.0151,0.0037,3.0518,3.4025,3.9177,3.9010,2.5656,118.4143,14.8213
217,,0.0108,0.0034,3.1554,3.4536,4.0115,3.8980,2.5953,115.4059,15.2225
218,,0.0280,0.0058,3.1073,3.4132,3.9889,3.8804,2.4041,114.7497,14.4203
219,,0.0043,0.0009,3.2092,3.5107,4.0053,3.9419,2.8512,133.0658,14.4744
220,,0.0151,0.0040,3.1175,3.4429,3.9596,3.8091,2.2082,105.4413,14.4744
221,,0.0237,0.0052,3.0364,3.4054,3.8677,3.9212,2.5744,108.5681,14.4383
222,,0.0043,0.0009,3.1191,3.4516,3.9448,3.8457,2.4332,107.5955,14.6976
223,,0.0172,0.0040,3.1421,3.4534,3.9772,3.8407,2.4287,105.4164,14.4023
224,,0.0151,0.0037,2.6259,3.3514,3.1896,3.9208,2.2462,136.1790,14.4839
225,,0.0172,0.0022,3.1001,3.5105,3.8270,3.9506,2.7363,113.7816,13.8402
226,,0.0366,0.0083,3.1301,3.4678,3.9480,3.7127,2.6531,214.5213,15.2373
227,,0.0323,0.0065,3.2451,3.5345,4.0364,3.8105,2.9664,175.4866,14.4445
228,,0.0560,0.0178,2.8363,3.2167,3.8226,3.4502,2.4489,230.9459,15.2908
229,,0.0496,0.0148,2.9393,3.2754,3.9010,3.5443,2.5627,196.4721,13.8712
230,,0.0474,0.0114,3.0673,3.3923,3.9577,3.5714,2.6557,198.2983,14.6627
231,,0.0539,0.0181,2.9126,3.2493,3.8912,3.5629,2.3573,218.1624,13.5546
232,,0.0496,0.0129,2.9458,3.2756,3.9070,3.4734,2.5535,196.6630,14.3650
233,,0.0474,0.0086,2.9856,3.3243,3.8993,3.5835,2.5584,207.4933,13.6695
234,,0.0129,0.0025,3.2908,3.5511,4.0828,3.9369,2.8180,129.6545,14.1344
235,,0.0366,0.0074,3.1698,3.4818,3.9828,3.6952,2.2561,191.8861,13.1025
236,,0.0086,0.0015,3.2334,3.5221,4.0328,3.9249,2.8459,128.3351,14.9010
237,,0.0323,0.0058,3.1545,3.5065,3.9135,3.8674,2.9625,178.4023,14.4406
238,,0.0323,0.0068,3.0524,3.4205,3.8516,3.7781,2.8969,154.4448,15.3251
239,,0.0388,0.0080,3.0466,3.4780,3.7717,3.8337,2.8020,152.5373,14.9302
240,,0.0539,0.0145,2.8614,3.2423,3.7688,3.7488,2.9721,178.9439,16.2027
241,,0.0409,0.0114,3.0952,3.3833,3.9993,3.8520,2.9227,135.2896,16.3110
242,,0.0582,0.0145,3.1869,3.4806,4.0185,3.7528,2.7539,218.0347,15.5810
243,,0.0280,0.0083,3.0781,3.3530,4.0110,3.9438,2.8260,129.4699,15.8257
244,,0.0474,0.0145,3.1203,3.4123,3.9996,3.9926,2.8490,134.4664,16.6771
245,,0.0323,0.0074,3.2003,3.4364,4.1056,3.9394,2.7754,129.5941,14.9160
246,,0.0474,0.0117,2.9651,3.3203,3.8777,3.5677,2.5660,204.1396,16.0308
247,,0.0172,0.0046,3.1461,3.4210,4.0370,3.9201,2.9082,136.0257,16.1594
248,,0.0409,0.0102,3.1377,3.4193,4.0206,3.8614,2.8309,142.5507,16.3753
249,,0.0409,0.0102,3.0892,3.4311,3.9311,3.5935,2.6662,237.5524,15.4193
250,,0.0216,0.0052,3.2521,3.5321,4.0464,3.7410,2.8549,172.2711,14.7702
251,,0.0496,0.0114,3.0081,3.2822,3.9917,3.8605,2.7484,126.5210,15.9740
252,,0.0172,0.0043,3.3018,3.5601,4.0821,3.9770,2.8207,123.1995,13.3350
253,,0.0280,0.0080,3.1528,3.4657,3.9704,3.6518,2.6557,209.5023,14.9799
254,,0.0065,0.0015,3.1229,3.4194,4.0008,3.9071,2.7123,124.5468,14.8353
255,,0.0388,0.0092,3.0802,3.4257,3.9284,3.9299,2.8770,138.8038,15.8540
256,,0.0366,0.0071,3.0075,3.4223,3.8120,3.7617,2.9105,159.7856,16.3330
257,,0.0172,0.0034,3.2448,3.5340,4.0277,4.0252,2.8963,144.7399,13.6548
258,,0.0302,0.0058,3.1465,3.4188,4.0327,3.8607,2.4957,113.7363,15.5554
259,,0.0259,0.0052,2.9892,3.3669,3.8434,3.8208,2.6367,133.4688,15.1947
260,,0.0194,0.0037,3.1839,3.4564,4.0308,4.0038,2.7219,104.4675,14.0791
261,,0.0216,0.0031,3.1814,3.5019,3.9625,3.9843,3.0289,150.7751,13.6829
262,,0.0603,0.0154,2.9513,3.4552,3.6860,3.4255,2.3937,130.0797,14.6474
263,,0.0259,0.0071,2.9258,3.5057,3.5651,3.7468,2.9713,151.2862,15.2321
264,,0.0086,0.0022,3.2587,3.5497,4.0319,3.8499,3.0307,164.9445,14.1872
265,,0.0151,0.0025,3.2914,3.5490,4.0728,3.9480,2.8299,118.3224,14.4878
266,,0.0216,0.0046,2.8659,3.4915,3.4706,3.7332,2.7344,153.6913,14.9866
267,,0.0194,0.0058,3.2495,3.5796,3.9979,3.9939,2.8223,146.7061,13.8158
268,,0.0065,0.0009,3.3086,3.5438,4.1192,3.9908,2.8721,118.6473,13.8633
269,,0.0151,0.0037,3.2926,3.5798,4.0635,3.9792,2.9406,150.7658,13.8850
270,,0.0129,0.0052,3.2689,3.5801,4.0294,4.0058,2.8887,146.2959,13.3840
271,,0.0172,0.0025,3.2361,3.5577,4.0048,3.9420,2.8395,149.5452,13.5270
272,,0.0259,0.0055,3.1535,3.4853,3.9472,3.9202,3.0551,156.5383,14.2183
273,,0.0151,0.0034,3.2925,3.5866,4.0520,4.0520,3.0375,140.6870,13.5036
274,,0.0323,0.0086,3.0966,3.3941,3.9997,3.7131,2.6146,167.1485,14.0753
275,,0.0388,0.0117,3.2325,3.5286,4.0312,3.8380,2.5004,159.9811,14.3766
276,,0.0668,0.0138,3.1454,3.4126,4.0505,3.9097,2.5395,156.7306,14.1044
277,,0.0431,0.0141,3.2145,3.4985,4.0454,3.8247,2.6421,165.6295,13.9623
278,,0.0000,0.0000,3.2489,3.5497,4.0120,3.9622,2.7873,130.6772,13.5615
279,,0.0302,0.0062,3.0800,3.5367,3.7789,3.6831,2.6541,191.2414,14.9773
280,,0.0259,0.0065,3.0011,3.4543,3.7260,3.6908,2.5660,198.2472,14.3642
281,,0.0043,0.0009,3.3362,3.5574,4.1303,4.0336,2.9051,93.2024,12.3350
282,,0.0065,0.0009,3.3462,3.5713,4.1208,4.0883,2.9971,93.6930,13.0026
283,,0.0065,0.0012,3.3374,3.5677,4.1236,4.0168,3.0002,96.5227,12.7221
284,,0.0302,0.0105,3.2009,3.4986,4.0114,3.8848,2.9141,138.7239,15.7256
285,,0.0496,0.0117,3.1649,3.4754,3.9647,3.7831,2.6656,101.4288,15.8370
286,,0.0280,0.0065,3.1630,3.4911,3.9513,3.8234,2.6383,111.3920,16.0067
287,,0.0280,0.0108,3.0308,3.4651,3.7952,3.8523,2.7074,114.2889,16.4757
288,,0.0323,0.0077,2.9850,3.4148,3.7574,3.6463,2.4194,208.6539,16.6657
289,,0.0065,0.0009,3.1892,3.4864,3.9989,3.9737,2.7109,112.8008,14.8287
290,,0.0431,0.0108,3.1259,3.4704,3.9165,3.9586,2.6258,114.6893,16.0550
291,,0.0345,0.0105,3.0535,3.4775,3.7946,3.8476,2.6631,112.6821,16.3140
292,,0.0259,0.0052,3.0604,3.4813,3.7816,3.8956,2.8926,152.4377,14.5688
293,,0.0388,0.0095,3.1225,3.4828,3.8877,3.7809,2.9590,185.6465,15.3792
294,,0.0086,0.0031,3.2589,3.5604,4.0138,3.9226,2.8100,132.0386,14.1834
295,,0.0776,0.0258,2.9787,3.4029,3.7707,3.7862,2.5090,185.2950,15.5500
296,,0.0108,0.0015,3.2166,3.5310,3.9873,3.9722,2.8438,115.5857,14.2191
297,,0.0194,0.0040,3.1683,3.5290,3.9277,3.7916,2.7637,211.6298,15.0955
298,,0.0302,0.0074,3.2087,3.5339,3.9698,3.8941,3.1055,161.9755,13.9381
299,,0.0647,0.0172,3.1043,3.4299,3.9413,3.8853,2.8494,135.2172,15.9510
300,,0.0065,0.0006,3.2833,3.5518,4.0694,3.9219,2.8561,156.9924,13.8359
301,,0.0172,0.0028,3.3295,3.5649,4.1040,4.0040,2.8941,94.8918,12.6808
302,,0.0043,0.0006,3.3604,3.5988,4.1027,4.0314,2.9338,95.3369,13.0684
303,,0.0539,0.0163,3.1121,3.3749,4.0399,3.6924,1.9056,103.3074,14.6208
304,,0.0453,0.0111,3.1925,3.5686,3.8889,3.7328,2.8047,87.7278,16.2900
305,,0.0474,0.0141,3.0307,3.3609,3.9131,3.9253,2.5736,114.6821,15.4947
306,,0.0409,0.0138,2.8489,3.3165,3.6857,3.4909,2.4558,233.8811,14.7301
307,,0.0022,0.0003,3.3128,3.5815,4.0656,4.0352,2.9139,103.1625,13.1264
308,,0.0194,0.0046,3.1580,3.5111,3.9204,3.8679,2.9291,90.9144,15.0027
309,,0.0366,0.0077,2.9685,3.4435,3.7181,3.8860,2.8982,175.4321,14.2404
310,,0.0216,0.0046,2.9602,3.3136,3.8676,3.8318,2.4444,120.1607,13.9770
311,,0.0043,0.0006,3.3046,3.5704,4.0678,4.0336,2.9658,110.0735,12.2894
312,,0.0539,0.0151,3.1617,3.5363,3.8944,3.7317,2.8596,173.5032,15.9424
313,,0.0216,0.0034,3.3340,3.5850,4.0941,4.0028,2.8193,95.2124,11.6950
314,,0.0086,0.0028,2.9267,3.3144,3.8227,3.8482,2.8561,154.4655,13.9345
315,,0.0237,0.0040,3.2255,3.5431,3.9846,3.8917,2.9627,181.7152,14.2259
316,,0.0151,0.0043,3.2962,3.5836,4.0666,3.9020,2.6779,185.4139,13.6583
317,,0.0237,0.0052,3.0200,3.3873,3.8379,3.9186,2.7885,172.7805,13.6807
318,,0.0086,0.0009,3.0643,3.4818,3.7889,3.9567,2.7213,167.3103,13.0555
319,,0.0129,0.0025,2.9988,3.3923,3.8119,3.8454,2.6740,158.0746,13.8079
320,,0.0194,0.0037,3.0027,3.4237,3.7752,3.7559,2.6293,179.4236,13.3210
321,,0.0194,0.0040,3.1116,3.4652,3.9248,3.8639,2.7213,171.2171,14.1014
322,,0.0172,0.0052,3.0791,3.4345,3.8709,3.7479,2.5684,175.4328,13.5628
323,female,0.0216,0.0065,3.2630,3.5744,4.0141,3.9446,2.7564,177.7325,11.3081
324,,0.0388,0.0080,3.1246,3.4381,3.9932,3.7134,2.5635,261.8958,13.4975
325,,0.0280,0.0068,3.2324,3.5278,4.0261,3.8334,2.9588,156.5333,14.8668
326,,0.0302,0.0092,3.0534,3.4900,3.7738,3.7476,2.9002,171.7025,15.3490
327,,0.0603,0.0157,3.0182,3.3433,3.9377,3.6563,2.3577,243.9296,12.1181
328,,0.0280,0.0049,3.1189,3.4726,3.9087,3.8317,2.4410,114.0454,15.6460
329,,0.0000,0.0000,3.2489,3.5021,4.0920,4.0348,2.8500,120.4174,13.9571
330,,0.0517,0.0098,3.2385,3.5142,4.0465,3.9251,2.5932,105.0450,14.7710
331,,0.0409,0.0123,3.1610,3.4185,4.0786,3.6400,2.3164,201.9727,14.1097
332,,0.0625,0.0132,3.1633,3.4520,4.0286,3.8578,2.7299,173.3396,14.9858
333,,0.0151,0.0031,3.2394,3.5301,4.0149,4.0148,2.9311,108.7641,13.5836
334,,0.0022,0.0003,3.2442,3.5322,4.0323,3.9502,2.9369,118.9804,14.2511
335,,0.0043,0.0006,3.2022,3.5513,3.9405,3.9628,2.9164,117.2594,14.1698
336,,0.0172,0.0031,3.1005,3.4771,3.8671,3.9034,2.7916,129.3115,15.8060
337,,0.0043,0.0009,3.2852,3.5576,4.0600,3.9232,2.9291,130.7203,13.8604
338,,0.0216,0.0040,3.2521,3.5331,4.0444,4.0210,2.7232,126.7156,14.7637
339,,0.0194,0.0037,3.2170,3.5432,3.9862,3.8235,2.8439,183.5237,14.5298
340,,0.0086,0.0012,3.2646,3.5104,4.0894,3.8725,2.8068,99.1908,14.7171
341,,0.0216,0.0049,3.2197,3.4745,4.0587,3.9119,3.0037,108.2643,15.1075
342,,0.0259,0.0049,3.2445,3.4896,4.0893,3.8941,3.0246,110.2409,15.4229
343,,0.0216,0.0065,3.2620,3.5724,4.0118,4.0002,2.9109,115.0141,14.7875
344,,0.0172,0.0065,3.1992,3.5462,3.9463,3.8190,2.9312,201.6658,15.3313
345,,0.0259,0.0065,3.2851,3.5389,4.0761,3.9650,2.8252,97.6817,14.5282
346,,0.0345,0.0074,3.2174,3.4626,4.0834,3.8538,2.5053,98.8103,14.3147
347,,0.0151,0.0025,3.2214,3.4826,4.0662,3.9667,2.6010,108.6266,14.9344
348,,0.0366,0.0065,3.2024,3.5449,3.9563,4.0198,2.7797,114.0766,14.8089
349,,0.0108,0.0015,3.2063,3.5084,4.0114,3.9873,2.5166,113.3564,14.8353
350,,0.0259,0.0046,3.2197,3.4842,4.0522,3.7734,2.5377,96.2627,14.5672
351,,0.0194,0.0034,3.2149,3.4784,4.0633,3.7424,2.4754,104.5568,14.9437
352,,0.0129,0.0025,3.2285,3.4792,4.0820,3.7761,2.5709,95.7923,14.7916
353,,0.0043,0.0006,3.2472,3.5031,4.0694,3.9564,2.7387,93.8017,14.3572
354,,0.0129,0.0028,3.2122,3.5335,3.9831,3.9392,2.8221,125.9985,14.1668
355,,0.0194,0.0046,3.2116,3.5471,3.9539,3.9603,2.7619,122.6197,14.9748
356,,0.0259,0.0114,3.2556,3.5577,4.0205,3.8869,2.5096,125.9996,14.8328
357,,0.0259,0.0046,3.2160,3.5403,3.9756,3.8548,2.9119,196.8884,14.8893
358,,0.0172,0.0065,3.2631,3.5638,4.0197,4.0465,2.9777,116.0917,14.7538
359,,0.0108,0.0025,3.1948,3.4603,4.0450,3.8517,2.5504,97.5349,14.0947
360,,0.0216,0.0046,3.2250,3.5097,4.0297,4.0471,2.9883,106.6818,14.5004
361,,0.0172,0.0034,3.2562,3.5654,4.0181,3.8495,2.8564,192.7292,14.9311
362,,0.0237,0.0055,3.2902,3.5494,4.0732,3.9917,3.0738,101.6469,14.6862
363,,0.0108,0.0018,3.2187,3.5229,4.0033,3.9580,2.6682,100.6960,14.5960
364,,0.0172,0.0040,3.2278,3.5034,4.0365,3.9574,2.7578,97.5856,14.8893
365,,0.0108,0.0015,3.2303,3.5433,3.9899,3.8629,2.8334,190.2289,13.9821
366,,0.0323,0.0120,3.2267,3.5352,3.9986,4.0587,2.9871,110.0248,14.7253
367,,0.0108,0.0025,3.2254,3.5304,4.0082,3.9950,2.7479,115.2273,14.2986
368,,0.0108,0.0015,3.2389,3.5380,4.0232,4.0065,2.7654,122.3787,14.3070
369,,0.0259,0.0055,3.2818,3.5391,4.0809,4.0373,2.8301,105.2178,14.8047
370,,0.0345,0.0077,3.1240,3.5065,3.8613,3.8011,2.6412,118.3298,15.4086
371,,0.0237,0.0055,3.1904,3.4565,4.0473,3.8851,2.7662,112.6142,14.7825
372,,0.0194,0.0071,3.2660,3.5211,4.0858,3.9168,2.7434,115.6447,14.8893
373,,0.0323,0.0055,3.2259,3.5202,4.0208,3.9767,2.8555,121.4244,14.9026
374,,0.0259,0.0086,3.2457,3.5537,4.0070,4.0319,2.9479,117.2149,15.0749
375,,0.0216,0.0034,3.2673,3.5439,4.0526,4.0328,2.7668,114.4064,14.7098
376,,0.0216,0.0046,3.2527,3.5390,4.0430,4.0042,2.6734,118.6096,14.4626
377,,0.0129,0.0055,3.2659,3.5726,4.0201,3.9681,2.8389,117.2031,14.8735
378,,0.0194,0.0040,3.1657,3.5266,3.9218,3.9452,2.7055,128.8309,14.8502
379,,0.0194,0.0055,3.2351,3.5477,3.9959,3.9449,2.8201,124.4717,14.4744
380,,0.0172,0.0037,3.2247,3.4707,4.0765,3.8667,2.8326,86.1327,14.9311
381,,0.0151,0.0046,3.2486,3.4996,4.0773,3.8905,2.6990,95.1073,14.6555
382,,0.0151,0.0037,3.2777,3.5492,4.0689,4.0236,2.8471,119.2658,14.5648
383,,0.0216,0.0046,3.2670,3.5492,4.0372,3.9694,2.7535,132.3352,13.1342
384,,0.0065,0.0009,3.3327,3.5767,4.0919,4.0441,3.0375,99.5609,12.5789
385,,0.0086,0.0049,3.3519,3.5846,4.1122,4.0492,3.0199,99.2951,12.3196
386,,0.0043,0.0006,3.2628,3.5415,4.0543,3.8694,2.8877,152.4312,14.2312
387,,0.0259,0.0089,3.2292,3.4956,4.0488,4.0218,2.5000,108.4055,14.4391
388,,0.0431,0.0095,3.0137,3.4152,3.8292,3.6517,2.5996,222.2155,15.7563
389,male,0.0086,0.0018,3.3372,3.5690,4.1288,4.0478,2.8299,105.3032,10.4922
390,,0.0172,0.0049,3.1442,3.5204,3.8774,4.0050,2.7957,107.9923,14.8876
391,,0.0776,0.0200,3.0772,3.3857,3.9696,3.7073,2.7927,165.7792,16.0424
392,,0.0172,0.0037,3.2727,3.5523,4.0554,3.8472,2.8486,199.5855,14.8237
393,,0.0151,0.0037,3.2731,3.5624,4.0259,4.0124,2.9447,97.6042,14.5768
394,,0.0323,0.0083,3.1983,3.5115,3.9759,3.9567,2.7977,114.7161,15.2487
395,,0.0216,0.0065,3.3234,3.5724,4.0997,3.9846,2.9711,136.0952,14.5808
396,,0.0216,0.0031,3.2356,3.5341,4.0164,4.0056,2.7461,124.7217,14.7694
397,,0.0237,0.0080,3.2155,3.4647,4.0761,3.7787,2.7662,86.6603,14.6176
398,,0.0280,0.0055,3.2797,3.5670,4.0369,4.0667,2.8937,106.7645,14.2640
399,,0.0216,0.0055,3.2256,3.5112,4.0368,3.8357,2.5991,119.1733,14.7204
400,,0.0194,0.0049,3.1402,3.4653,3.9425,4.0501,2.9518,115.0594,15.0179
401,,0.0108,0.0015,3.1996,3.5310,3.9639,3.9486,3.0963,151.1515,14.1389
402,,0.0345,0.0077,3.1207,3.5328,3.8359,3.8547,2.8447,202.4344,15.8682
403,,0.0323,0.0132,3.2048,3.5015,4.0088,4.0294,2.7160,120.7208,15.5637
404,,0.0172,0.0034,3.2808,3.5526,4.0642,4.0181,2.6924,124.7177,13.6786
405,,0.0302,0.0083,3.2535,3.5107,4.0683,3.8961,2.6977,104.2189,14.9951
406,,0.0194,0.0037,3.2250,3.4913,4.0560,3.8874,2.7943,86.9433,14.5528
407,,0.0108,0.0018,3.2276,3.5041,4.0371,3.9154,2.5918,99.3886,14.6814
408,,0.0259,0.0062,3.1870,3.5179,3.9587,3.9520,2.7324,112.7671,14.7359
409,,0.0194,0.0043,3.2899,3.5495,4.0726,4.0172,2.7799,108.1407,14.8089
410,,0.0280,0.0092,3.2680,3.5578,4.0461,3.9518,2.6529,116.5351,14.7538
411,,0.0388,0.0098,3.2280,3.4867,4.0882,3.8086,2.5855,124.4842,14.5060
412,,0.0539,0.0126,3.1960,3.5124,3.9669,3.8167,2.6140,108.6193,14.9277
413,,0.0345,0.0058,3.2284,3.5311,4.0059,3.9780,2.7535,116.6359,14.7916
414,,0.0108,0.0028,3.2169,3.5087,4.0213,3.9987,2.6344,119.1663,14.5028
415,,0.0280,0.0055,3.2452,3.5366,4.0260,4.0144,2.8721,107.2809,14.7481
416,,0.0086,0.0018,3.2798,3.5590,4.0438,4.0242,2.8354,106.0753,14.5012
417,,0.0237,0.0046,3.2332,3.5416,4.0044,3.8456,2.8385,203.8661,14.1457
418,,0.0108,0.0043,3.2074,3.5229,3.9855,3.9518,2.8861,103.3212,15.1497
419,,0.0151,0.0022,3.1757,3.4899,3.9828,3.8986,2.7934,132.3710,14.1834
420,,0.0108,0.0022,3.1944,3.5503,3.9379,3.8821,2.8777,145.8170,15.0826
421,,0.0302,0.0058,2.9724,3.4026,3.7860,3.7534,3.1131,137.6200,15.6240
422,,0.0302,0.0080,3.0303,3.4409,3.8214,3.8646,3.0436,148.5485,13.8915
423,,0.0259,0.0086,3.2040,3.5243,3.9742,3.8854,2.7922,101.7669,14.4713
424,,0.0302,0.0092,3.1120,3.4296,3.9709,3.9037,3.0641,144.1560,13.5975
425,,0.0237,0.0071,3.0114,3.4383,3.7933,3.7283,2.8586,135.0703,15.9319
426,,0.0431,0.0089,3.0768,3.4635,3.8622,3.8567,3.0766,143.7668,14.0515
427,,0.0237,0.0068,3.2230,3.5497,3.9825,3.8016,2.8592,170.8590,14.9420
428,,0.0431,0.0095,2.9070,3.3919,3.6720,3.6536,2.8377,136.5292,16.1153
429,,0.0280,0.0077,3.0784,3.4451,3.8970,3.8477,2.9502,140.8167,14.1119
430,,0.0409,0.0086,2.9330,3.3591,3.7521,3.6662,2.7865,128.2376,15.9673
431,,0.0216,0.0046,3.0364,3.4112,3.8630,3.8148,2.9686,139.1204,14.0175
432,,0.0237,0.0040,2.7599,3.2666,3.5568,3.7081,2.8469,138.8040,16.2353
433,,0.0000,0.0000,3.2521,3.5270,4.0518,3.8867,2.7963,135.7868,14.0315
434,,0.0388,0.0080,3.0332,3.4541,3.7966,3.9104,2.7771,147.4825,13.9484
435,,0.0172,0.0034,2.8992,3.3251,3.7167,3.7499,2.9027,130.6958,15.5628
436,,0.0409,0.0089,3.0798,3.4566,3.8661,3.8365,2.9840,158.4819,13.8720
437,,0.0043,0.0015,3.2339,3.5320,4.0173,3.8342,2.9125,161.5303,14.1842
438,,0.0194,0.0034,3.0970,3.4451,3.9186,3.9361,2.8201,152.7541,13.8908
439,,0.0259,0.0074,2.9091,3.3537,3.7174,3.7373,3.0543,142.7823,15.3234
440,,0.0194,0.0031,3.2556,3.5520,4.0320,3.7397,2.7516,199.0039,15.2522
441,,0.0345,0.0080,2.7772,3.2754,3.5533,3.7801,2.8193,130.1713,15.6350
442,,0.0366,0.0071,2.9851,3.4099,3.7713,3.9564,2.8535,132.1176,14.1525
443,,0.0065,0.0006,3.2170,3.5357,3.9800,3.8290,2.8873,147.3261,13.1511
444,,0.0259,0.0095,2.9991,3.3528,3.8570,3.8617,2.7176,124.1255,15.8616
445,,0.0388,0.0068,3.0433,3.4474,3.8234,3.9314,2.9209,144.1899,14.1495
446,,0.0280,0.0068,3.1713,3.4515,4.0252,4.0451,2.9793,150.5645,13.1491
447,,0.0151,0.0025,3.1804,3.5254,3.9202,3.7335,2.4406,140.8099,13.0787
448,,0.0194,0.0034,3.2025,3.5076,4.0074,3.8400,2.8166,172.3576,14.8469
449,,0.0172,0.0028,3.1336,3.4873,3.9031,3.9286,2.7205,153.3757,14.8577
450,,0.0172,0.0037,3.3381,3.5690,4.1187,3.9851,2.8781,109.5239,13.2685
451,,0.0172,0.0062,2.9784,3.4346,3.7421,3.8169,2.3871,122.1512,14.8229
452,,0.1228,0.0341,2.8955,3.3167,3.7627,3.7166,2.8092,248.4277,14.3813
453,,0.0259,0.0080,3.1231,3.4677,3.9296,3.7441,2.7211,202.4971,13.5497
454,,0.0108,0.0022,3.2027,3.4949,4.0171,4.0071,2.7273,122.4487,14.5983
455,,0.0172,0.0040,3.2898,3.5307,4.1042,3.9055,2.5809,126.3786,13.8850
456,,0.0345,0.0074,3.1913,3.4884,4.0115,3.8281,2.9828,195.8470,13.1161
457,,0.0129,0.0043,3.2901,3.5424,4.0793,4.0963,2.6895,135.6837,13.4313
458,,0.0216,0.0074,3.2443,3.5405,4.0211,3.9891,3.0025,163.5489,13.2818
459,,0.0086,0.0012,3.2431,3.5421,4.0173,3.9229,2.8645,161.5895,13.7174
460,,0.0280,0.0062,3.3008,3.5598,4.0932,4.0340,2.8955,163.2829,13.0806
461,,0.0151,0.0025,3.2947,3.5582,4.0759,4.0570,2.8898,139.6966,13.7465
462,,0.0194,0.0037,3.2986,3.5443,4.0941,4.0508,2.8619,147.1571,13.4660
463,,0.0172,0.0034,3.2779,3.5433,4.0780,3.9753,2.8818,177.8345,13.1498
464,,0.0194,0.0062,3.2672,3.5361,4.0750,3.9699,2.8625,169.7150,12.6111
465,,0.0280,0.0074,3.3038,3.5570,4.0905,4.1170,2.9533,140.1415,13.4517
466,,0.0216,0.0055,3.2945,3.5303,4.1168,3.8546,2.4344,124.5786,13.8814
467,,0.0302,0.0071,3.2404,3.5140,4.0649,3.8449,2.7803,205.4151,13.3050
468,,0.0345,0.0080,3.3308,3.5614,4.1272,3.9691,2.6166,121.2231,13.7316
469,,0.0237,0.0068,3.2221,3.5106,4.0290,3.8950,2.9539,196.4443,13.0504
470,,0.0151,0.0034,3.2919,3.5269,4.1096,3.9218,2.6564,121.4342,13.7394
471,,0.0216,0.0068,3.2023,3.4982,4.0200,3.8319,2.8330,195.4196,12.7715
472,,0.0216,0.0055,3.2235,3.5187,4.0205,3.8522,2.8227,192.8256,13.2493
473,,0.0259,0.0077,3.2838,3.5173,4.1198,3.9082,2.6072,124.8646,13.7729
474,,0.0216,0.0062,3.2247,3.5279,4.0177,3.8538,2.9162,198.4785,13.2540
475,,0.0216,0.0058,3.3090,3.5376,4.1248,3.9059,2.6748,124.0828,13.9564
476,,0.0302,0.0058,3.2284,3.5131,4.0480,3.8530,2.9098,201.4279,13.0607
477,,0.0216,0.0046,3.2964,3.5249,4.1208,3.9225,2.5416,125.1892,13.8036
478,,0.0129,0.0022,3.2948,3.5369,4.0992,3.8718,2.7088,126.6506,13.8050
479,,0.0216,0.0058,3.2171,3.4985,4.0360,3.8546,2.9557,195.4942,13.0306
480,,0.0237,0.0062,3.1914,3.5003,4.0020,3.8205,2.8230,201.7723,13.2177
481,,0.0108,0.0022,3.3007,3.5238,4.1262,3.9269,2.6217,124.2930,13.8604
482,,0.0194,0.0052,3.2013,3.5228,3.9781,3.8553,2.9395,193.8578,13.1994
483,,0.0259,0.0068,3.2299,3.5078,4.0536,3.8277,2.8039,191.6136,13.4436
484,,0.0129,0.0028,3.2795,3.5153,4.1082,3.9368,2.6203,124.3370,13.8742
485,,0.0151,0.0040,3.2754,3.5163,4.1012,3.8768,2.5363,121.0092,13.6198
486,,0.0323,0.0092,3.2145,3.5093,4.0218,3.8657,2.8865,203.0838,13.4347
487,,0.0151,0.0034,3.2991,3.5428,4.1011,3.9230,2.7029,127.1715,13.8561
488,,0.0237,0.0058,3.2055,3.5005,4.0216,3.8682,3.0021,194.7412,13.2072
489,,0.0194,0.0062,3.2895,3.5422,4.0856,4.0780,2.8945,136.7033,13.5629
490,,0.0129,0.0031,3.2817,3.5456,4.0823,3.9358,2.7234,134.5308,13.8496
491,,0.0302,0.0086,3.2522,3.5461,4.0277,3.9863,3.0951,164.5106,13.0338
492,,0.0129,0.0018,3.2747,3.5507,4.0675,4.0313,2.9590,164.4273,13.1634
493,,0.0151,0.0031,3.2623,3.5320,4.0584,4.0410,2.8396,139.3652,13.7736
494,,0.0172,0.0043,3.2912,3.5496,4.0733,4.0406,2.8553,145.9064,13.6400
495,,0.0172,0.0040,3.2716,3.5468,4.0631,3.9887,2.9758,178.2203,13.1621
496,,0.0151,0.0031,3.3049,3.5397,4.1200,3.8789,2.5232,124.9148,14.0323
497,,0.0280,0.0065,3.2209,3.5042,4.0358,3.8550,2.8734,203.1015,12.7937
498,,0.0216,0.0058,3.2541,3.5212,4.0757,4.0214,2.8221,169.3419,12.5096
499,,0.0302,0.0071,3.2939,3.5470,4.0925,4.1261,2.8492,139.4387,13.3498
500,,0.0108,0.0028,3.2922,3.5293,4.1086,3.8704,2.4846,125.6485,13.8901
501,,0.0259,0.0058,3.2242,3.4992,4.0573,3.8561,2.8783,201.9844,13.2619
502,,0.0259,0.0058,3.2057,3.5036,4.0142,3.8488,2.7980,204.7507,13.3793
503,,0.0108,0.0031,3.2705,3.5175,4.0929,3.9011,2.5994,125.0443,13.9740
504,,0.0172,0.0034,3.2787,3.5271,4.0890,4.0964,2.7307,137.1338,13.4429
505,,0.0151,0.0046,3.2485,3.5299,4.0467,3.9952,2.9785,168.4090,13.1602
506,,0.0323,0.0071,3.3043,3.5399,4.1177,3.9373,2.6973,120.7039,13.7671
507,,0.0151,0.0025,3.2051,3.4991,4.0132,3.8905,3.0410,194.5744,12.9848
508,,0.0194,0.0037,3.3003,3.5271,4.1198,3.9161,2.5656,121.1538,13.6513
509,,0.0259,0.0055,3.2027,3.4916,4.0220,3.8496,2.7437,195.5644,12.6398
510,,0.0323,0.0071,3.2205,3.5234,4.0132,3.8576,2.7936,192.6154,13.3377
511,,0.0280,0.0077,3.3078,3.5451,4.1189,3.9235,2.5104,124.1444,13.8821
512,,0.0280,0.0092,3.2068,3.5096,4.0181,3.8606,2.8963,198.5825,13.2368
513,,0.0259,0.0049,3.3151,3.5421,4.1244,3.8930,2.7029,124.9991,13.9894
514,,0.0280,0.0077,3.2196,3.5109,4.0253,3.8430,2.9723,196.2545,13.1680
515,,0.0216,0.0062,3.2922,3.5271,4.1141,3.9396,2.7184,124.9831,14.0263
516,,0.0237,0.0055,3.2323,3.5107,4.0535,3.8319,2.8809,202.1477,13.1843
517,,0.0129,0.0031,3.2759,3.5072,4.1135,3.8922,2.6074,126.5695,13.9032
518,,0.0129,0.0025,3.2856,3.5236,4.1062,3.9034,2.7379,126.9032,13.7886
519,,0.0302,0.0074,3.2330,3.5126,4.0457,3.8376,2.8521,197.7595,12.9041
520,,0.0280,0.0077,3.1968,3.5113,3.9961,3.8033,2.8346,199.2007,13.3854
521,,0.0172,0.0037,3.3117,3.5384,4.1241,3.9231,2.5174,123.7628,13.9148
522,,0.0302,0.0074,3.2280,3.5163,4.0327,3.8343,2.9582,198.8074,13.8301
523,,0.0194,0.0046,3.2253,3.5135,4.0260,3.8444,2.8760,198.8173,13.5913
524,,0.0194,0.0046,3.3100,3.5439,4.1202,3.9530,2.7480,123.4589,13.7501
525,,0.0323,0.0077,3.2014,3.4983,4.0191,3.7985,2.8994,191.9415,13.3679
526,,0.0216,0.0049,3.2984,3.5325,4.1143,3.9170,2.6703,124.4945,13.8712
527,,0.0151,0.0037,3.2849,3.5249,4.1061,3.9074,2.6014,121.2210,13.5380
528,,0.0323,0.0074,3.2229,3.5272,4.0020,3.8752,2.8053,207.0336,13.4259
529,,0.0172,0.0031,3.2336,3.5496,3.9960,3.8341,2.9742,184.3091,14.1811
530,,0.0797,0.0212,3.0095,3.3252,3.9602,3.6665,2.7855,178.2068,14.0590
531,,0.0496,0.0108,2.9845,3.3552,3.8732,3.5575,2.6812,241.3830,15.6562
532,,0.0517,0.0145,3.1338,3.4487,3.9936,3.7426,2.4084,207.1144,15.2042
533,,0.0345,0.0095,2.9196,3.2968,3.8548,3.4651,2.5793,252.4944,15.2987
534,,0.0259,0.0083,3.0308,3.3449,3.9482,3.6381,2.2290,217.8275,15.7676
535,,0.0345,0.0102,3.0857,3.4185,3.9619,3.5733,2.6258,235.8663,15.2855
536,,0.0431,0.0111,3.0352,3.3860,3.8926,3.5923,2.0667,215.1449,15.1041
537,,0.0323,0.0105,3.0406,3.3766,3.9347,3.5733,2.6010,236.5377,15.8559
538,,0.0323,0.0092,3.1094,3.3616,4.0502,4.0422,2.4547,116.0157,15.9081
539,,0.0302,0.0095,2.9926,3.3245,3.9341,3.5192,2.3898,236.8994,15.0434
540,,0.0474,0.0135,3.2197,3.4792,4.0898,3.5903,1.9207,189.6077,16.0308
541,,0.0366,0.0098,2.9635,3.3157,3.8902,3.5312,2.4074,241.2234,15.7191
542,,0.0603,0.0185,3.0889,3.3906,3.9696,3.8504,2.5953,150.4942,16.0637
543,,0.0754,0.0188,3.0599,3.4009,3.9374,3.5808,2.3955,223.0328,15.9348
544,,0.0603,0.0145,3.1290,3.3518,4.1051,3.8305,2.5984,110.6287,17.0569
545,,0.0409,0.0089,2.9787,3.2684,3.9823,3.4851,2.3521,240.7429,15.2828
546,,0.0302,0.0102,3.1140,3.4335,3.9772,3.6885,2.3790,207.6770,15.8644
547,,0.0603,0.0203,3.0693,3.4030,3.9616,3.4791,2.5652,250.5095,15.8389
548,,0.0388,0.0098,3.0746,3.3228,4.0631,4.0237,2.2631,128.9246,16.1948
549,,0.0539,0.0138,3.1718,3.4211,4.0694,3.8644,2.4172,126.0477,16.1623
550,,0.0431,0.0120,3.0754,3.3590,4.0164,3.5483,2.5998,228.3034,15.4956
551,,0.0323,0.0077,3.0311,3.3622,3.9443,3.5747,2.3154,238.4032,15.0775
552,,0.0237,0.0055,3.0690,3.3812,3.9554,3.8319,2.6961,147.3049,16.5660
553,,0.0474,0.0129,3.0427,3.3704,3.9635,3.5495,2.3864,246.8665,15.1894
554,,0.0388,0.0111,3.1056,3.4538,3.9408,3.6761,2.4782,211.9933,16.3672
555,,0.0366,0.0092,3.0749,3.4753,3.8227,3.7146,2.6094,210.2737,15.2434
556,,0.0496,0.0129,3.0034,3.3668,3.9032,3.5940,2.3982,246.3403,15.2330
557,,0.0453,0.0120,3.1888,3.4559,4.0775,3.7364,2.3539,198.9414,13.9308
558,,0.0388,0.0077,3.0405,3.3656,3.9461,3.5454,2.4419,238.5872,15.2364
559,,0.0366,0.0098,3.2143,3.5351,3.9904,3.8040,2.6229,187.8006,16.2810
560,,0.0539,0.0105,3.0527,3.3826,3.9578,3.6031,2.4068,231.6275,15.8173
561,,0.0517,0.0145,3.1760,3.4698,4.0018,3.8615,2.5785,151.1736,15.9923
562,,0.0496,0.0126,2.9603,3.2487,3.9846,3.3010,2.1228,241.6505,14.0116
563,,0.0517,0.0178,3.0920,3.3589,4.0404,3.6592,2.3168,158.1569,14.3510
564,,0.0259,0.0098,3.1186,3.5538,3.8120,3.5582,2.3850,204.0153,14.2412
565,,0.0582,0.0120,3.0862,3.5277,3.7996,3.4749,2.4334,214.9693,15.6359
566,,0.0194,0.0049,3.0487,3.5640,3.6646,3.4580,2.6484,198.6001,14.2320
567,,0.0431,0.0095,3.1198,3.5508,3.7826,3.9267,2.7879,103.4624,15.0494
568,,0.0388,0.0105,3.0265,3.4331,3.8495,3.4667,2.4080,215.4176,14.1736
569,,0.0431,0.0108,2.9887,3.4213,3.7867,3.5611,2.6523,207.6443,13.1167
570,,0.0259,0.0083,2.9349,3.3484,3.8163,3.3873,2.5176,256.3678,14.1202
571,,0.0431,0.0111,3.0802,3.4026,3.9605,3.6277,2.7541,170.2015,14.1457
572,,0.0194,0.0046,2.9146,3.4657,3.5968,3.5107,2.8049,237.0311,14.6256
573,,0.0302,0.0065,2.8674,3.4544,3.5642,3.4854,2.8498,246.4539,15.6350
574,,0.0539,0.0132,2.8643,3.4651,3.5686,3.3098,2.8609,272.9229,16.3521
575,,0.0259,0.0086,2.9137,3.4437,3.6076,3.8377,2.9104,157.6020,15.0468
576,,0.0474,0.0126,2.7680,3.4284,3.3863,3.5745,2.6793,234.9574,15.1169
577,,0.0582,0.0185,2.9839,3.4845,3.6798,3.6269,2.8367,204.5865,16.0366
578,,0.0194,0.0065,2.9098,3.4252,3.6437,3.7741,2.9510,154.2194,14.8843
579,,0.0172,0.0037,3.1218,3.4708,3.9206,3.8253,3.1248,164.2707,15.1281
580,,0.0388,0.0102,2.9627,3.4813,3.6425,3.6541,2.7928,200.0748,15.7760
581,,0.1099,0.0418,2.9741,3.2207,4.0527,3.6097,2.3937,124.1620,16.1114
582,,0.1659,0.0529,3.1101,3.3509,4.1040,3.7388,2.5400,142.7814,16.6188
583,,0.0259,0.0052,3.2066,3.4923,4.0323,3.7681,2.5920,166.4656,14.8968
584,,0.0086,0.0015,3.3250,3.5608,4.1176,3.9839,2.8221,116.1061,13.2494
585,,0.0259,0.0065,3.1023,3.4640,3.8667,3.7546,2.5834,122.7731,16.0366
586,,0.0043,0.0006,3.1960,3.5235,3.9535,3.9285,2.8633,150.0564,14.0694
587,,0.0259,0.0071,3.0251,3.5208,3.6531,3.7219,2.6541,214.8623,13.7160
588,,0.0129,0.0018,3.1831,3.5358,3.9287,3.7667,2.8943,184.9165,13.8734
589,,0.0108,0.0012,3.1612,3.5030,3.9356,3.8902,2.6939,126.1382,14.4563
590,,0.0129,0.0037,3.3447,3.5648,4.1538,4.0280,2.6492,98.9882,13.4510
591,,0.0086,0.0009,3.2412,3.5152,4.0531,3.8709,2.7463,120.8150,13.7964
592,,0.0151,0.0049,3.3319,3.5610,4.1344,3.9629,2.7342,97.9441,13.3270
593,,0.0086,0.0015,3.3015,3.5540,4.0874,3.9121,2.7791,124.1335,13.4327
594,,0.0065,0.0022,3.1990,3.5017,3.9920,3.9883,2.7443,112.0387,14.1910
595,,0.0366,0.0065,2.9922,3.4325,3.7733,3.6800,2.7963,221.1578,15.3881
596,,0.0388,0.0160,3.0030,3.3568,3.8867,3.5191,2.8572,225.8234,13.8100
597,,0.0323,0.0086,3.0103,3.4439,3.7701,3.5341,2.5426,234.9135,13.4232
598,,0.0323,0.0092,2.9726,3.4104,3.7631,3.5896,2.7346,230.4463,14.1359
599,,0.0582,0.0145,3.2289,3.4881,4.0932,3.9801,2.4596,135.3412,13.2580
600,,0.0216,0.0108,3.2635,3.5020,4.1006,4.0321,2.6047,120.0210,14.0940
601,,0.0237,0.0043,3.1350,3.4857,3.9055,3.9164,2.9549,158.8108,15.3022
602,,0.0237,0.0052,3.0204,3.4781,3.7189,3.9997,2.8959,112.9743,15.8805
603,,0.0302,0.0086,3.1739,3.4560,4.0235,3.8306,2.7164,116.8885,14.7973
604,,0.0151,0.0037,3.0793,3.4975,3.8118,3.9329,2.7551,153.1905,15.6020
605,,0.0366,0.0092,3.0813,3.4128,3.9209,3.4464,2.6773,119.5197,15.9711
606,,0.0151,0.0034,3.2917,3.5565,4.0775,4.1453,2.9865,141.5309,13.1335
607,,0.0323,0.0083,3.0852,3.5097,3.7878,3.9173,2.6145,109.3397,15.0044
608,,0.0129,0.0028,3.2234,3.5116,4.0187,4.0099,2.7719,118.5865,14.7834
609,,0.0366,0.0065,3.2134,3.4447,4.1126,4.0672,2.7871,113.3115,14.2993
610,,0.0108,0.0037,3.2749,3.5596,4.0216,4.1220,2.9611,103.5182,13.7153
611,,0.0280,0.0092,3.2533,3.5060,4.0759,4.0753,2.5182,102.1532,13.5352
612,,0.0129,0.0028,3.2375,3.5278,4.0061,4.0904,2.7779,102.8549,13.7238
613,,0.0280,0.0046,3.1665,3.4293,4.0389,3.8289,2.3240,101.4744,13.9235
614,,0.0237,0.0080,3.2917,3.5430,4.0902,4.1137,2.7314,107.3103,13.5318
615,,0.0043,0.0006,3.2429,3.5008,4.0678,4.0391,2.8027,115.6992,13.4063
616,,0.0237,0.0068,3.2420,3.5208,4.0390,4.1055,2.6855,113.7360,13.7893
617,,0.0259,0.0068,3.0736,3.5314,3.7329,3.9951,2.5516,111.3419,13.6442
618,,0.0151,0.0031,3.1506,3.5122,3.8982,3.9691,2.8193,111.2512,13.9527
619,,0.0108,0.0025,3.1363,3.4594,3.9534,3.9581,2.8076,116.6039,14.1382
620,,0.0086,0.0028,3.1576,3.4952,3.9340,3.9829,2.8582,114.1037,13.9374
621,,0.0129,0.0058,3.1607,3.4982,3.9466,3.9204,2.6383,113.7304,14.2442
622,,0.0194,0.0052,3.1164,3.4755,3.8913,4.0622,2.6869,111.0520,14.0709
623,,0.0129,0.0025,3.1282,3.4712,3.9129,4.0395,2.8701,115.0188,13.7793
624,,0.0366,0.0123,3.0621,3.4516,3.8381,3.8009,2.3498,115.5377,15.6497
625,,0.0388,0.0092,2.9577,3.4328,3.7073,3.4257,2.2790,210.1234,15.2068
626,,0.0172,0.0031,3.1253,3.4538,3.9476,3.8670,2.8471,168.8328,14.1887
627,,0.0172,0.0049,3.2446,3.5073,4.0477,3.7975,2.8803,90.6707,15.9414
628,,0.0409,0.0132,3.2730,3.5521,4.0697,3.9226,2.6752,178.9403,13.9674
629,,0.0453,0.0148,2.8869,3.3988,3.6039,3.7913,2.5600,186.3120,11.2379
630,,0.0388,0.0089,3.0921,3.5643,3.7376,3.8264,2.8814,185.6751,12.4087
631,,0.0366,0.0083,3.0531,3.4657,3.8235,3.6066,2.6602,189.2532,12.2650
632,,0.0388,0.0108,3.2200,3.5612,3.9637,3.7971,2.9295,166.7514,11.5043
633,,0.0194,0.0034,3.1080,3.5391,3.8017,3.8756,2.8055,181.8253,12.4255
634,,0.0409,0.0105,3.1638,3.4886,3.9765,3.7208,2.7006,190.0978,11.8889
635,,0.0022,0.0003,3.1774,3.5034,3.9703,3.8245,3.0953,226.9951,14.1465
636,,0.0194,0.0071,3.0029,3.4786,3.6797,3.7624,2.6836,182.2537,11.5739
637,,0.0345,0.0058,3.2320,3.5357,4.0207,3.6821,2.9156,220.5770,14.9959
638,,0.0345,0.0114,3.1082,3.4991,3.8672,3.6692,2.8703,185.2504,12.0141
639,,0.0259,0.0043,3.0091,3.4999,3.6795,3.7386,2.6291,193.0460,12.4301
640,,0.0366,0.0092,3.0598,3.4797,3.8008,3.6605,2.6346,204.8858,11.8640
641,,0.0194,0.0040,2.9615,3.4102,3.7349,3.6860,2.7650,189.2023,11.8964
642,,0.0280,0.0074,3.0116,3.5330,3.6359,3.8583,2.7570,181.1191,12.2656
643,,0.0366,0.0074,3.0630,3.4409,3.8316,4.0421,2.9551,113.4890,15.2635
644,,0.0129,0.0025,3.1487,3.4914,3.9275,4.1240,2.6986,112.9219,13.8323
645,,0.0172,0.0034,3.2489,3.4961,4.0813,4.0782,2.7064,101.5695,13.3935
646,,0.0216,0.0052,2.9890,3.4988,3.6393,4.0316,2.6729,113.4584,13.3941
647,,0.0323,0.0071,3.0221,3.4824,3.7123,4.0767,2.8170,111.8150,15.4175
648,,0.0216,0.0046,3.1075,3.4692,3.8812,4.0977,2.6959,111.8807,13.9535
649,,0.0474,0.0114,3.1859,3.5369,3.9395,3.7782,2.9875,148.7089,15.8304
650,,0.0409,0.0086,3.1389,3.4454,3.9758,3.7276,2.7207,127.4566,15.5783
651,,0.0474,0.0102,3.1272,3.4789,3.9246,3.7911,2.5838,132.0631,16.7359
652,,0.0754,0.0221,3.2044,3.4879,4.0365,3.6788,2.7576,154.3159,15.3863
653,,0.0409,0.0105,3.0718,3.4585,3.8495,3.9524,2.7418,131.2578,15.4758
654,,0.0129,0.0022,3.1632,3.4769,3.9745,3.9188,2.8617,132.9230,15.4175
655,,0.0280,0.0062,3.2088,3.4903,4.0438,3.9234,2.8037,137.4456,14.9370
656,,0.0754,0.0191,3.0920,3.4347,3.9293,3.8020,2.7473,163.0399,15.4032
657,,0.0776,0.0218,3.0907,3.4432,3.8980,3.6646,2.6568,152.6993,15.0511
658,,0.0797,0.0225,3.0890,3.4172,3.9279,3.9068,2.6496,125.4771,15.8853
659,,0.0647,0.0166,3.1922,3.4709,4.0434,3.7320,2.8059,140.0475,16.7570
660,,0.0237,0.0065,3.1464,3.4736,3.9622,3.8840,2.8395,135.6422,15.4821
661,,0.0366,0.0086,3.2195,3.5470,3.9833,3.7980,3.0057,147.2451,15.6802
662,,0.0409,0.0092,3.1229,3.4258,3.9719,3.7338,2.7184,127.8850,15.5910
663,,0.0539,0.0114,3.1482,3.4917,3.9377,3.8305,2.7084,133.7210,16.1948
664,,0.0690,0.0209,3.1954,3.4788,4.0260,3.6949,2.7149,152.8578,15.4202
665,,0.0474,0.0129,3.0677,3.4779,3.8161,3.9327,2.8230,133.4343,15.4050
666,,0.0216,0.0062,3.2253,3.5143,4.0359,3.9331,2.8148,137.0335,14.9470
667,,0.0603,0.0157,3.1306,3.4544,3.9663,3.8252,2.8518,161.8814,15.5282
668,,0.0647,0.0181,3.0974,3.4408,3.9210,3.6570,2.5174,152.1103,15.2855
669,,0.0797,0.0221,3.0920,3.4094,3.9431,3.9200,2.5609,127.5597,15.8389
670,,0.0194,0.0046,3.3413,3.5616,4.1411,4.1896,3.0061,118.8830,12.9854
671,,0.0237,0.0080,3.1642,3.5262,3.8839,3.8501,2.7291,170.0288,13.6114
672,,0.0216,0.0062,3.1798,3.5459,3.8754,3.8574,2.8326,198.0825,13.4892
673,,0.0065,0.0009,3.3205,3.5444,4.1212,3.9101,2.8232,109.9591,14.6984
674,,0.0172,0.0025,3.2319,3.6009,3.9340,3.8835,2.7180,217.2111,15.2034
675,,0.0151,0.0031,3.2912,3.5210,4.1099,3.9557,2.7354,113.2988,14.2694
676,,0.0129,0.0015,3.2048,3.5765,3.9195,3.8639,2.7922,218.8557,14.9908
677,,0.0108,0.0049,3.2181,3.6092,3.9038,3.8947,2.7785,218.4893,15.0264
678,,0.0194,0.0049,3.3115,3.5375,4.1250,3.9689,2.7199,115.5354,14.1052
679,,0.0151,0.0046,3.1895,3.5716,3.8997,3.8202,2.7676,219.9737,14.9925
680,,0.0151,0.0049,3.3035,3.5292,4.1280,3.9896,2.6305,118.1442,13.6226
681,,0.0194,0.0080,3.3107,3.5420,4.1194,3.9838,2.7057,114.5043,14.0880
682,,0.0302,0.0052,3.2092,3.5629,3.9378,3.9166,2.9455,218.6328,15.3286
683,,0.0108,0.0025,3.1617,3.5768,3.8477,3.9021,2.7451,218.8884,15.2635
684,,0.0065,0.0015,3.3215,3.5479,4.1233,3.9727,2.6367,117.7182,13.7047
685,,0.0129,0.0037,3.2027,3.5294,3.9927,3.8232,2.6871,218.8491,15.0715
686,,0.0216,0.0062,3.3065,3.5551,4.0870,3.8784,2.5527,114.0823,14.5456
687,,0.0065,0.0015,3.1701,3.5200,3.9541,3.8261,2.7139,212.3610,15.2068
688,,0.0431,0.0163,3.3112,3.5386,4.1195,3.8899,2.5252,127.6894,14.3922
689,,0.0151,0.0052,3.1568,3.5212,3.9284,3.7918,2.7582,214.9587,15.2364
690,,0.0108,0.0015,3.1863,3.5788,3.8770,3.9067,2.9068,205.8259,14.9756
691,,0.0216,0.0074,3.3305,3.5618,4.1194,3.8963,2.6051,110.6320,14.2228
692,,0.0323,0.0095,3.1512,3.5012,3.9429,3.8364,2.6875,213.4022,15.2216
693,,0.0560,0.0181,3.2956,3.5217,4.1160,3.9068,2.6148,130.5757,15.0536
694,,0.0280,0.0089,3.3141,3.5395,4.1276,3.8650,2.4053,118.6327,13.7657
695,,0.0086,0.0028,3.1965,3.5380,3.9720,3.8398,2.6488,220.2242,14.8960
696,,0.0388,0.0114,3.3203,3.5463,4.1232,3.8953,2.5543,115.4023,14.0367
697,,0.0129,0.0037,3.1546,3.5095,3.9431,3.8198,2.7164,216.6736,15.0570
698,,0.0345,0.0098,3.3330,3.5596,4.1349,3.8362,2.6635,125.9777,14.0182
699,,0.0194,0.0046,3.1560,3.4882,3.9771,3.8043,2.6748,219.8302,14.8122
700,,0.0366,0.0129,3.2809,3.4964,4.1347,3.8708,2.7174,131.3955,14.5672
701,,0.0216,0.0052,3.1446,3.4761,3.9658,3.8245,2.6037,216.2320,14.6216
702,,0.0323,0.0105,3.3316,3.5542,4.1341,3.8845,2.4531,121.8516,14.0835
703,,0.0151,0.0028,3.2629,3.6162,3.9669,3.8713,2.7123,217.8989,15.0604
704,,0.0366,0.0086,3.3441,3.5737,4.1236,3.8759,2.4510,119.6519,13.9939
705,,0.0172,0.0037,3.2492,3.6095,3.9549,3.8854,2.8170,216.6446,15.0315
706,,0.0194,0.0074,3.3198,3.5631,4.0996,3.9051,2.7637,104.0388,15.1445
707,,0.0129,0.0034,3.1395,3.4891,3.9488,3.7847,2.6646,216.4563,14.8204
708,,0.0280,0.0065,3.3282,3.5534,4.1269,3.8735,2.5484,118.0538,13.9637
709,,0.0323,0.0108,3.3379,3.5600,4.1370,3.8212,2.4883,117.9299,13.5057
710,,0.0259,0.0058,3.1914,3.5275,3.9780,3.8115,2.8053,218.0840,14.9386
711,,0.0108,0.0018,3.3179,3.5706,4.0922,3.9625,2.8271,121.0848,13.3504
712,,0.0302,0.0105,2.9378,3.4753,3.5838,3.6750,2.7371,220.5381,13.8640
713,,0.0711,0.0221,3.0146,3.4708,3.7337,3.6730,2.7059,223.7344,15.1799
714,,0.0603,0.0191,2.9716,3.3767,3.7885,3.4781,2.6039,205.4277,14.7940
715,,0.0453,0.0114,3.0631,3.4577,3.8268,3.7083,2.6281,215.6723,14.9244
716,,0.0948,0.0258,2.9498,3.3452,3.7960,3.6387,2.5398,223.5182,14.7293
717,,0.0754,0.0243,3.0390,3.3930,3.8946,3.4600,2.5545,196.2794,14.7686
718,,0.0216,0.0049,3.2263,3.5386,4.0138,4.0416,2.9389,145.6160,14.9512
719,,0.0129,0.0046,3.2957,3.5910,4.0371,3.8813,2.8949,167.6817,14.8444
720,,0.0409,0.0098,3.0366,3.3853,3.9100,3.9738,2.5984,116.6939,14.2305
721,,0.0108,0.0018,3.2339,3.5613,3.9716,3.9614,3.0207,133.8046,14.1314
722,studio,0.0043,0.0006,3.3390,3.5678,4.1289,3.9913,2.9348,110.7273,13.7614
